order_id,customer_id,fecha_pedido,status,total
1,62,2024-09-15,entregado,427.31
2,42,2024-07-01,entregado,3815.52
3,441,2024-06-15,entregado,3071.89
4,16,2024-11-18,entregado,2217.79
5,48,2024-03-23,entregado,2804.21
6,199,2024-07-01,entregado,4691.12
7,164,2024-04-09,cancelado,831.22
8,171,2024-10-13,entregado,1005.61
9,329,2024-10-05,entregado,4835.64
10,166,2024-12-01,entregado,208.13
11,112,2024-02-25,entregado,3150.95
12,227,2024-03-18,entregado,1968.22
13,309,2024-12-23,entregado,3441.94
14,59,2024-02-08,entregado,2078.85
15,44,2024-03-04,cancelado,890.36
16,114,2024-10-25,entregado,2037.77
17,462,2024-06-29,cancelado,218.05
18,278,2024-08-14,entregado,2039.9
19,127,2024-02-21,entregado,2924.87
20,28,2024-12-08,entregado,1541.53
21,104,2024-12-23,entregado,1651.44
22,368,2024-07-04,entregado,4005.45
23,422,2024-02-12,entregado,4302.95
24,415,2024-01-22,entregado,1011.92
25,384,2024-08-01,entregado,722.2
26,167,2024-03-05,entregado,1740.92
27,354,2024-10-22,entregado,234.01
28,50,2024-09-23,entregado,3956.82
29,380,2024-09-09,entregado,978.95
30,112,2024-08-03,entregado,4534.89
31,196,2024-03-03,entregado,2526.55
32,89,2024-11-17,entregado,4779.31
33,439,2024-11-27,entregado,3119.11
34,244,2024-09-02,entregado,2754.23
35,270,2024-06-21,entregado,4118.91
36,417,2024-08-10,entregado,2379.7
37,451,2024-11-06,entregado,102.34
38,370,2024-12-06,cancelado,266.65
39,92,2024-06-09,entregado,1564.3
40,354,2024-05-22,entregado,4620.44
41,421,2024-01-28,entregado,3261.7
42,155,2024-05-01,entregado,2710.29
43,360,2024-10-18,entregado,4430.07
44,262,2024-11-28,entregado,4884.59
45,497,2024-10-28,entregado,3186.07
46,88,2024-02-02,cancelado,2060.32
47,337,2024-08-09,entregado,2759.99
48,25,2024-05-02,entregado,553.28
49,231,2024-04-08,entregado,1306.46
50,268,2024-06-11,entregado,1037.26
51,326,2024-03-18,cancelado,4550.41
52,195,2024-12-30,entregado,4474.9
53,89,2024-04-12,entregado,1187.16
54,236,2024-05-19,entregado,2188.19
55,412,2024-02-13,cancelado,4044.5
56,34,2024-04-03,entregado,4857.98
57,212,2024-07-25,entregado,2139.93
58,246,2024-10-03,entregado,3729.01
59,252,2024-03-24,entregado,4371.18
60,119,2024-05-08,entregado,2197.7
61,381,2024-09-27,entregado,3824.0
62,245,2024-09-13,entregado,4532.95
63,18,2024-08-26,entregado,3230.58
64,142,2024-06-10,entregado,3114.33
65,397,2024-06-13,entregado,898.72
66,168,2024-08-01,entregado,3382.19
67,1,2024-07-27,entregado,960.66
68,103,2024-04-24,entregado,145.27
69,113,2024-09-03,entregado,2001.22
70,336,2024-11-06,entregado,1706.02
71,125,2024-03-05,entregado,1477.09
72,117,2024-05-05,cancelado,3314.24
73,374,2024-04-17,entregado,313.92
74,149,2024-02-12,entregado,3995.12
75,32,2024-02-27,entregado,2749.34
76,382,2024-09-29,entregado,2582.68
77,169,2024-03-11,entregado,4466.48
78,271,2024-07-06,cancelado,3404.95
79,318,2024-03-22,entregado,717.94
80,33,2024-01-04,entregado,2701.55
81,23,2024-10-23,entregado,3630.87
82,147,2024-04-02,entregado,155.76
83,148,2024-06-15,entregado,3133.13
84,448,2024-08-03,entregado,2689.72
85,78,2024-06-02,entregado,4852.52
86,125,2024-07-06,entregado,4644.19
87,146,2024-10-27,cancelado,1500.8
88,85,2024-12-27,cancelado,3145.74
89,129,2024-01-31,entregado,3010.75
90,469,2024-09-02,entregado,1893.58
91,344,2024-04-12,entregado,2142.49
92,490,2024-10-15,entregado,3237.47
93,310,2024-06-04,entregado,2925.62
94,13,2024-02-19,entregado,2644.97
95,360,2024-09-29,cancelado,929.24
96,252,2024-10-04,entregado,2206.96
97,281,2024-04-19,entregado,2251.45
98,318,2024-04-26,entregado,410.39
99,117,2024-10-28,entregado,2752.53
100,467,2024-12-13,cancelado,2508.64
101,107,2024-08-15,entregado,3160.07
102,286,2024-08-28,entregado,3717.21
103,148,2024-02-11,cancelado,2297.41
104,251,2024-09-14,entregado,477.77
105,225,2024-01-01,entregado,1632.85
106,192,2024-04-28,cancelado,3066.54
107,207,2024-07-25,cancelado,1514.84
108,99,2024-11-11,entregado,3238.56
109,238,2024-09-16,entregado,4908.56
110,389,2024-08-19,entregado,2111.18
111,101,2024-04-14,entregado,695.74
112,391,2024-02-19,cancelado,4681.25
113,24,2024-07-13,entregado,3430.78
114,213,2024-05-04,cancelado,3069.71
115,293,2024-05-19,entregado,4509.74
116,326,2024-10-01,entregado,1735.95
117,87,2024-02-15,entregado,1415.21
118,25,2024-03-05,cancelado,882.07
119,381,2024-10-29,cancelado,4363.48
120,167,2024-02-22,entregado,1475.17
121,56,2024-06-17,entregado,3257.35
122,479,2024-09-06,entregado,4666.92
123,320,2024-10-17,entregado,3249.54
124,274,2024-02-22,entregado,2010.2
125,80,2024-06-19,cancelado,2379.01
126,377,2024-09-10,entregado,3509.03
127,266,2024-11-29,cancelado,978.3
128,453,2024-08-21,cancelado,2918.11
129,272,2024-05-20,entregado,1162.58
130,437,2024-03-31,entregado,2045.23
131,266,2024-02-11,entregado,3947.42
132,203,2024-07-03,entregado,554.72
133,21,2024-10-10,entregado,727.36
134,120,2024-10-18,entregado,2042.35
135,363,2024-12-30,cancelado,2062.37
136,269,2024-05-22,entregado,4903.56
137,40,2024-03-20,entregado,1770.04
138,225,2024-03-29,entregado,1988.09
139,177,2024-01-01,entregado,2708.01
140,59,2024-07-04,cancelado,588.73
141,289,2024-08-17,entregado,2171.23
142,372,2024-07-09,entregado,1622.41
143,376,2024-01-24,entregado,4542.37
144,45,2024-04-03,entregado,425.59
145,497,2024-06-28,entregado,2056.44
146,341,2024-07-27,entregado,1325.97
147,348,2024-01-07,entregado,1306.97
148,415,2024-05-05,entregado,4606.02
149,459,2024-09-02,cancelado,3882.74
150,354,2024-09-12,entregado,634.95
151,31,2024-12-13,entregado,259.13
152,437,2024-02-20,entregado,4928.58
153,423,2024-08-03,entregado,2262.56
154,112,2024-01-09,entregado,555.22
155,186,2024-05-30,entregado,383.22
156,484,2024-09-07,entregado,4328.35
157,13,2024-10-06,entregado,2924.71
158,244,2024-08-01,entregado,2347.31
159,135,2024-09-03,entregado,1433.45
160,398,2024-10-06,entregado,4604.68
161,459,2024-03-09,entregado,1267.8
162,271,2024-08-08,entregado,2549.84
163,440,2024-09-15,entregado,3442.9
164,79,2024-12-24,entregado,1727.03
165,148,2024-07-15,entregado,4264.85
166,32,2024-04-01,cancelado,3298.86
167,412,2024-02-14,entregado,530.9
168,153,2024-03-20,entregado,3681.56
169,369,2024-07-26,entregado,1104.06
170,471,2024-04-14,entregado,4003.76
171,340,2024-02-06,entregado,1102.97
172,250,2024-01-16,entregado,3618.07
173,369,2024-07-03,entregado,2287.08
174,402,2024-10-03,entregado,1979.78
175,484,2024-05-31,entregado,4198.62
176,413,2024-12-03,entregado,4711.57
177,133,2024-07-21,entregado,1665.77
178,449,2024-05-10,cancelado,1730.48
179,228,2024-07-27,entregado,4376.59
180,246,2024-12-13,entregado,3878.25
181,76,2024-02-28,entregado,2633.61
182,366,2024-08-01,entregado,426.08
183,466,2024-01-28,cancelado,3273.6
184,388,2024-04-08,entregado,1631.51
185,483,2024-03-15,cancelado,4017.67
186,439,2024-01-14,entregado,1398.65
187,329,2024-01-12,entregado,4855.34
188,467,2024-10-28,entregado,2723.06
189,469,2024-09-29,entregado,1340.81
190,459,2024-03-10,entregado,2625.33
191,432,2024-01-16,entregado,536.91
192,207,2024-12-30,entregado,302.41
193,440,2024-04-19,entregado,2725.56
194,2,2024-04-18,entregado,3429.95
195,20,2024-07-17,entregado,2492.27
196,158,2024-04-03,entregado,3256.02
197,39,2024-08-08,entregado,3982.15
198,148,2024-12-22,entregado,651.47
199,413,2024-09-22,entregado,246.25
200,35,2024-09-28,entregado,4775.92
201,165,2024-06-13,cancelado,4133.47
202,254,2024-05-06,entregado,428.98
203,452,2024-12-11,entregado,4694.97
204,217,2024-06-11,entregado,3460.06
205,137,2024-09-15,cancelado,586.15
206,427,2024-05-01,entregado,3749.43
207,242,2024-03-03,entregado,213.53
208,244,2024-08-08,entregado,3212.07
209,65,2024-01-01,entregado,2595.13
210,216,2024-05-03,cancelado,274.29
211,260,2024-10-19,entregado,4568.68
212,312,2024-08-11,entregado,3027.69
213,308,2024-06-19,entregado,4886.23
214,361,2024-06-28,entregado,3690.78
215,342,2024-09-08,entregado,2927.16
216,98,2024-08-26,entregado,4358.83
217,357,2024-03-11,entregado,301.08
218,203,2024-06-30,entregado,1584.77
219,333,2024-10-12,entregado,3735.69
220,36,2024-05-07,entregado,4811.63
221,342,2024-12-20,entregado,4981.34
222,329,2024-03-26,entregado,3454.28
223,162,2024-08-16,entregado,673.73
224,217,2024-04-08,entregado,2427.99
225,496,2024-07-09,entregado,4293.86
226,56,2024-12-20,entregado,4257.0
227,350,2024-04-21,cancelado,4289.66
228,177,2024-08-08,entregado,4649.66
229,102,2024-07-30,cancelado,1279.27
230,49,2024-10-09,entregado,2187.27
231,109,2024-08-27,entregado,909.88
232,424,2024-06-06,entregado,2722.75
233,59,2024-02-22,entregado,4445.56
234,400,2024-02-24,entregado,4774.12
235,348,2024-06-16,entregado,1817.72
236,394,2024-08-19,entregado,1373.87
237,33,2024-10-18,entregado,3059.16
238,128,2024-10-13,entregado,207.49
239,391,2024-01-29,entregado,3880.89
240,53,2024-11-04,entregado,4313.59
241,297,2024-05-12,entregado,479.07
242,353,2024-10-24,cancelado,3247.95
243,443,2024-02-09,entregado,1673.52
244,391,2024-12-04,entregado,3961.59
245,446,2024-09-03,cancelado,2074.07
246,274,2024-03-20,entregado,1531.81
247,212,2024-10-30,entregado,1701.8
248,153,2024-12-05,entregado,4734.08
249,331,2024-12-28,entregado,2151.59
250,11,2024-11-29,entregado,2893.99
251,325,2024-11-15,entregado,1344.31
252,490,2024-06-06,entregado,2842.82
253,244,2024-02-05,entregado,3992.24
254,415,2024-02-02,entregado,1607.25
255,138,2024-11-30,entregado,3722.28
256,488,2024-09-07,entregado,2240.82
257,448,2024-03-20,entregado,3212.3
258,54,2024-08-12,entregado,293.79
259,500,2024-06-25,entregado,3798.19
260,491,2024-10-10,entregado,3000.79
261,46,2024-09-24,entregado,1307.86
262,452,2024-09-20,cancelado,1541.15
263,51,2024-06-02,entregado,3228.69
264,82,2024-01-04,entregado,3382.22
265,116,2024-10-24,entregado,1211.25
266,427,2024-12-08,entregado,260.9
267,476,2024-08-10,cancelado,3384.36
268,479,2024-03-17,entregado,1552.82
269,215,2024-08-12,entregado,2962.67
270,340,2024-03-30,entregado,294.96
271,219,2024-06-18,entregado,2409.42
272,361,2024-12-18,entregado,2796.87
273,479,2024-06-16,entregado,4771.64
274,79,2024-10-13,entregado,4748.19
275,66,2024-11-13,cancelado,662.54
276,173,2024-03-16,entregado,2880.76
277,267,2024-12-06,entregado,4969.31
278,68,2024-02-27,entregado,925.32
279,463,2024-08-22,entregado,3462.0
280,389,2024-07-06,entregado,1887.7
281,460,2024-04-02,entregado,1090.29
282,140,2024-10-18,entregado,3330.46
283,476,2024-03-16,cancelado,4915.98
284,418,2024-07-14,entregado,108.34
285,388,2024-04-28,entregado,2702.77
286,52,2024-04-20,entregado,4595.47
287,116,2024-07-27,entregado,355.27
288,261,2024-10-24,entregado,3056.19
289,365,2024-05-14,entregado,3862.43
290,328,2024-03-23,entregado,3128.57
291,167,2024-06-25,entregado,2520.17
292,273,2024-03-17,entregado,735.95
293,309,2024-11-04,entregado,2262.4
294,141,2024-02-27,entregado,1461.6
295,336,2024-05-05,entregado,3541.06
296,275,2024-05-05,cancelado,373.7
297,422,2024-06-02,entregado,4675.31
298,11,2024-01-31,entregado,4306.58
299,368,2024-02-02,entregado,1970.62
300,216,2024-07-06,entregado,4684.8
301,371,2024-09-22,entregado,4516.22
302,354,2024-07-01,entregado,1630.45
303,251,2024-02-27,entregado,3471.8
304,264,2024-12-29,entregado,3393.08
305,236,2024-09-02,entregado,4250.75
306,365,2024-12-14,entregado,4269.52
307,336,2024-06-11,entregado,2416.56
308,104,2024-03-04,entregado,3083.7
309,195,2024-06-19,entregado,2009.53
310,163,2024-01-03,entregado,2004.1
311,426,2024-01-25,entregado,1484.38
312,431,2024-11-17,entregado,2173.73
313,237,2024-04-14,entregado,2709.81
314,253,2024-07-18,entregado,2630.47
315,141,2024-01-20,cancelado,4912.68
316,498,2024-06-17,entregado,4496.83
317,465,2024-09-19,cancelado,3968.97
318,222,2024-12-17,entregado,966.96
319,171,2024-06-27,entregado,1755.45
320,269,2024-12-20,entregado,4078.82
321,270,2024-09-03,entregado,4053.3
322,364,2024-04-09,cancelado,1793.27
323,442,2024-03-24,entregado,1766.57
324,209,2024-05-17,cancelado,2898.4
325,234,2024-06-10,entregado,2807.57
326,75,2024-04-24,entregado,2296.48
327,278,2024-12-01,entregado,4496.75
328,328,2024-10-30,entregado,302.48
329,273,2024-10-21,entregado,1663.41
330,220,2024-10-15,entregado,2638.36
331,403,2024-05-10,entregado,3366.29
332,146,2024-09-08,cancelado,1212.22
333,137,2024-12-27,entregado,3364.47
334,391,2024-04-06,entregado,2416.93
335,226,2024-01-19,entregado,3673.95
336,56,2024-11-13,cancelado,1139.11
337,95,2024-05-09,entregado,4197.83
338,267,2024-01-17,entregado,4078.43
339,99,2024-07-09,cancelado,1157.78
340,6,2024-03-22,entregado,1963.81
341,475,2024-11-12,entregado,402.55
342,26,2024-04-09,entregado,4944.92
343,373,2024-12-24,entregado,2602.47
344,91,2024-03-29,entregado,1240.99
345,4,2024-08-07,entregado,3261.49
346,128,2024-04-22,entregado,4447.87
347,303,2024-02-14,entregado,4542.09
348,201,2024-04-30,entregado,3642.58
349,123,2024-08-09,entregado,678.61
350,43,2024-09-17,entregado,1029.2
351,498,2024-08-26,entregado,4831.01
352,438,2024-11-10,entregado,179.97
353,13,2024-03-02,entregado,4676.47
354,268,2024-02-15,entregado,3746.35
355,210,2024-02-24,entregado,3382.41
356,53,2024-12-13,entregado,2420.38
357,363,2024-07-19,entregado,680.05
358,292,2024-10-24,entregado,4468.26
359,418,2024-08-02,entregado,2595.11
360,436,2024-04-13,entregado,2328.78
361,62,2024-04-29,entregado,4398.69
362,44,2024-07-23,entregado,4556.91
363,132,2024-03-31,entregado,1492.48
364,61,2024-05-15,entregado,4635.43
365,18,2024-09-08,entregado,4050.02
366,461,2024-10-03,entregado,409.09
367,23,2024-08-29,entregado,4978.1
368,397,2024-03-29,cancelado,3628.54
369,468,2024-08-04,entregado,4442.37
370,455,2024-05-21,entregado,2556.48
371,116,2024-09-30,entregado,3563.63
372,289,2024-12-15,entregado,2005.76
373,472,2024-11-26,entregado,2174.61
374,475,2024-08-07,entregado,4050.56
375,88,2024-03-25,cancelado,3789.75
376,152,2024-12-30,cancelado,4841.26
377,317,2024-12-03,entregado,3709.91
378,113,2024-03-22,entregado,4781.08
379,422,2024-12-02,entregado,335.27
380,44,2024-09-10,entregado,329.14
381,300,2024-06-25,cancelado,3574.78
382,50,2024-04-09,entregado,582.25
383,165,2024-04-13,cancelado,1101.76
384,219,2024-11-11,entregado,3757.45
385,243,2024-01-19,cancelado,2298.94
386,351,2024-04-28,entregado,3011.64
387,374,2024-05-28,entregado,4488.95
388,333,2024-03-25,entregado,4215.51
389,4,2024-06-07,entregado,3762.91
390,43,2024-02-23,entregado,485.35
391,184,2024-02-08,entregado,2359.5
392,471,2024-01-05,entregado,3707.01
393,467,2024-12-04,entregado,3661.9
394,13,2024-12-09,entregado,989.3
395,384,2024-08-15,entregado,3478.78
396,334,2024-11-11,entregado,958.27
397,430,2024-07-19,entregado,2631.42
398,119,2024-05-24,entregado,1880.19
399,322,2024-11-26,entregado,2482.84
400,313,2024-05-08,entregado,1221.76
401,130,2024-11-12,cancelado,768.67
402,233,2024-06-20,entregado,2594.98
403,474,2024-05-31,entregado,2867.67
404,144,2024-06-01,entregado,4464.75
405,66,2024-03-21,entregado,4457.94
406,80,2024-12-03,entregado,179.01
407,340,2024-12-14,entregado,1162.98
408,378,2024-01-03,entregado,4363.82
409,310,2024-03-25,entregado,250.24
410,444,2024-09-10,entregado,1692.48
411,11,2024-12-26,entregado,705.9
412,492,2024-02-08,entregado,983.07
413,355,2024-08-19,cancelado,2680.33
414,124,2024-12-05,cancelado,516.9
415,116,2024-02-26,entregado,4787.06
416,259,2024-04-18,entregado,2694.18
417,64,2024-07-18,cancelado,4357.08
418,32,2024-10-24,entregado,4574.64
419,65,2024-02-12,entregado,179.92
420,298,2024-04-17,entregado,2562.43
421,188,2024-01-18,entregado,497.84
422,98,2024-04-06,entregado,3755.61
423,424,2024-04-16,entregado,3710.9
424,77,2024-02-09,entregado,1810.59
425,376,2024-02-08,entregado,1123.38
426,364,2024-03-21,entregado,1850.97
427,481,2024-03-08,entregado,3086.97
428,431,2024-01-24,entregado,148.79
429,228,2024-06-08,entregado,3511.4
430,411,2024-05-13,entregado,1727.43
431,82,2024-11-11,cancelado,1101.08
432,244,2024-10-03,entregado,4803.43
433,161,2024-10-22,entregado,599.34
434,375,2024-05-08,entregado,2913.61
435,372,2024-05-05,entregado,1498.97
436,102,2024-12-28,entregado,2160.92
437,228,2024-07-27,entregado,4388.21
438,80,2024-03-15,entregado,4182.35
439,496,2024-12-28,entregado,809.34
440,399,2024-02-01,entregado,4723.15
441,263,2024-06-07,entregado,551.56
442,78,2024-06-19,cancelado,1578.72
443,137,2024-10-27,entregado,945.81
444,334,2024-01-21,entregado,3189.27
445,138,2024-05-11,entregado,2040.29
446,14,2024-12-16,entregado,848.33
447,145,2024-07-13,entregado,2288.09
448,223,2024-02-19,entregado,230.66
449,177,2024-07-10,entregado,4062.88
450,500,2024-02-22,entregado,849.34
451,256,2024-12-25,entregado,1303.09
452,442,2024-11-06,entregado,209.02
453,136,2024-04-28,entregado,4835.56
454,459,2024-11-28,entregado,4733.15
455,341,2024-06-26,entregado,3185.01
456,150,2024-03-28,cancelado,3081.15
457,104,2024-12-19,entregado,3976.46
458,85,2024-02-05,entregado,4906.42
459,111,2024-09-17,entregado,1016.04
460,423,2024-05-16,entregado,3188.25
461,272,2024-08-23,entregado,3041.24
462,411,2024-06-27,entregado,1777.54
463,106,2024-04-17,entregado,1199.7
464,182,2024-05-14,entregado,4004.12
465,415,2024-10-05,entregado,215.54
466,215,2024-10-25,entregado,4118.2
467,217,2024-03-20,entregado,4565.29
468,468,2024-02-19,entregado,1432.82
469,153,2024-12-05,cancelado,4106.73
470,461,2024-05-24,cancelado,4481.16
471,358,2024-04-15,entregado,4589.77
472,147,2024-10-07,cancelado,233.37
473,495,2024-09-07,entregado,4284.85
474,181,2024-07-22,entregado,859.33
475,217,2024-01-06,cancelado,3194.68
476,210,2024-12-06,entregado,4600.7
477,500,2024-02-04,cancelado,256.44
478,30,2024-11-03,entregado,4671.07
479,243,2024-08-01,entregado,1989.52
480,390,2024-10-01,entregado,1461.18
481,397,2024-04-14,entregado,1336.55
482,471,2024-02-28,entregado,3442.97
483,210,2024-08-11,cancelado,3636.75
484,291,2024-05-16,entregado,546.16
485,363,2024-07-18,entregado,4881.56
486,432,2024-07-15,entregado,4362.02
487,62,2024-08-07,entregado,3718.73
488,95,2024-04-07,entregado,2898.32
489,330,2024-03-31,entregado,4846.65
490,463,2024-03-11,cancelado,244.66
491,465,2024-08-27,entregado,883.55
492,396,2024-03-29,entregado,698.3
493,40,2024-12-26,entregado,2686.29
494,404,2024-11-05,entregado,2593.67
495,16,2024-03-22,entregado,2630.06
496,342,2024-03-31,entregado,3085.96
497,324,2024-02-12,cancelado,4710.58
498,412,2024-04-16,entregado,3270.39
499,439,2024-02-03,entregado,2546.84
500,26,2024-06-20,entregado,418.26
501,220,2024-06-11,entregado,3600.9
502,174,2024-02-28,entregado,816.74
503,404,2024-09-23,entregado,3373.33
504,294,2024-10-24,entregado,4604.96
505,403,2024-09-03,entregado,4539.83
506,234,2024-05-17,entregado,2504.07
507,187,2024-11-17,entregado,950.39
508,38,2024-07-05,entregado,3063.12
509,117,2024-12-02,entregado,111.65
510,3,2024-02-01,entregado,1599.76
511,252,2024-10-21,entregado,2221.96
512,246,2024-01-04,entregado,2789.18
513,420,2024-12-25,entregado,4671.1
514,390,2024-11-10,entregado,4117.35
515,433,2024-05-30,entregado,750.59
516,5,2024-04-10,entregado,634.24
517,55,2024-07-23,cancelado,4084.66
518,42,2024-09-16,entregado,3018.52
519,431,2024-11-20,entregado,2642.04
520,438,2024-01-09,entregado,2259.95
521,95,2024-02-22,entregado,4332.88
522,149,2024-12-23,entregado,4417.82
523,444,2024-08-29,entregado,2604.11
524,426,2024-04-18,entregado,4199.97
525,245,2024-10-12,entregado,4136.52
526,12,2024-11-03,entregado,4831.26
527,60,2024-07-03,entregado,103.38
528,16,2024-04-29,entregado,2772.73
529,325,2024-02-27,entregado,4272.05
530,497,2024-09-13,entregado,1614.07
531,173,2024-03-14,entregado,2424.62
532,32,2024-11-06,entregado,1416.85
533,327,2024-07-12,entregado,3582.88
534,270,2024-01-23,cancelado,4118.67
535,258,2024-11-07,entregado,4890.38
536,165,2024-08-27,entregado,869.2
537,74,2024-02-20,entregado,219.56
538,15,2024-05-26,entregado,1350.51
539,486,2024-09-27,entregado,1215.92
540,368,2024-04-15,entregado,3085.77
541,412,2024-10-09,entregado,4622.73
542,290,2024-01-09,entregado,3565.82
543,60,2024-02-11,entregado,491.58
544,404,2024-08-25,entregado,1238.26
545,338,2024-04-29,entregado,2481.94
546,441,2024-06-25,entregado,4168.51
547,439,2024-08-27,entregado,3180.33
548,95,2024-11-06,entregado,4170.63
549,184,2024-07-23,entregado,4333.68
550,468,2024-01-26,entregado,4835.89
551,442,2024-07-14,cancelado,866.76
552,21,2024-10-04,entregado,1751.47
553,75,2024-01-25,entregado,3652.25
554,396,2024-12-01,entregado,4907.7
555,137,2024-01-03,entregado,3174.57
556,260,2024-09-19,entregado,3960.88
557,428,2024-06-14,entregado,3438.04
558,374,2024-02-13,entregado,277.48
559,301,2024-04-22,entregado,4653.28
560,424,2024-12-05,entregado,4658.74
561,32,2024-01-26,entregado,2912.53
562,291,2024-08-13,entregado,4572.46
563,115,2024-11-18,entregado,2807.24
564,333,2024-03-22,entregado,1612.36
565,364,2024-03-08,entregado,870.93
566,433,2024-03-16,entregado,3207.73
567,274,2024-12-21,cancelado,2410.06
568,46,2024-06-27,entregado,4516.61
569,359,2024-11-19,entregado,1106.98
570,345,2024-10-23,entregado,3435.11
571,202,2024-04-19,entregado,840.42
572,309,2024-09-05,entregado,3948.62
573,11,2024-02-21,entregado,583.68
574,283,2024-12-02,entregado,2577.23
575,382,2024-09-05,cancelado,2156.49
576,68,2024-12-04,entregado,996.16
577,300,2024-01-29,entregado,3046.34
578,421,2024-02-10,entregado,2870.57
579,50,2024-09-06,entregado,1321.85
580,5,2024-06-15,entregado,3164.21
581,406,2024-01-11,cancelado,1638.93
582,43,2024-02-06,entregado,4621.32
583,350,2024-06-27,entregado,4601.83
584,499,2024-05-29,entregado,2279.3
585,479,2024-02-13,entregado,3060.88
586,189,2024-12-20,entregado,825.33
587,337,2024-12-17,cancelado,3772.54
588,495,2024-02-15,entregado,3743.83
589,278,2024-11-06,entregado,2563.94
590,205,2024-05-28,entregado,1621.9
591,222,2024-11-08,entregado,147.09
592,272,2024-12-29,entregado,587.24
593,352,2024-03-18,entregado,2963.99
594,498,2024-05-03,entregado,4914.3
595,211,2024-08-25,entregado,2209.65
596,279,2024-04-11,cancelado,1782.66
597,130,2024-06-08,entregado,3342.24
598,485,2024-04-29,entregado,3836.67
599,315,2024-04-30,entregado,3548.02
600,238,2024-06-03,entregado,661.36
601,228,2024-08-25,entregado,797.31
602,276,2024-01-06,entregado,2012.41
603,257,2024-02-16,entregado,4391.7
604,312,2024-11-19,entregado,1060.76
605,387,2024-07-31,entregado,1303.47
606,274,2024-05-24,entregado,1101.55
607,271,2024-11-28,entregado,3884.77
608,13,2024-03-29,entregado,1669.78
609,88,2024-03-22,entregado,674.76
610,11,2024-05-14,entregado,503.29
611,83,2024-03-02,entregado,3070.91
612,295,2024-01-10,cancelado,108.72
613,212,2024-06-12,entregado,807.78
614,163,2024-03-07,cancelado,338.86
615,226,2024-12-26,entregado,3023.55
616,14,2024-11-23,entregado,818.32
617,453,2024-12-16,entregado,1662.78
618,203,2024-05-29,cancelado,3581.08
619,54,2024-07-15,entregado,1482.03
620,260,2024-03-25,entregado,2675.01
621,363,2024-07-03,cancelado,2095.01
622,412,2024-07-04,cancelado,2480.66
623,37,2024-09-18,entregado,2802.08
624,55,2024-04-10,entregado,1283.5
625,92,2024-06-10,entregado,2692.59
626,289,2024-12-03,entregado,2718.96
627,278,2024-10-18,entregado,3564.29
628,442,2024-06-30,entregado,1713.27
629,416,2024-12-16,entregado,2243.31
630,144,2024-09-26,entregado,580.85
631,306,2024-07-01,entregado,3493.9
632,129,2024-11-24,entregado,764.37
633,182,2024-06-26,entregado,1527.69
634,335,2024-12-14,entregado,2767.71
635,397,2024-01-17,entregado,2092.37
636,339,2024-12-29,entregado,129.69
637,431,2024-02-25,cancelado,689.89
638,171,2024-11-23,cancelado,3893.34
639,281,2024-11-07,entregado,1212.46
640,483,2024-04-14,entregado,1390.45
641,147,2024-06-14,entregado,2112.34
642,348,2024-02-18,entregado,765.63
643,278,2024-04-03,entregado,4749.1
644,61,2024-08-02,entregado,2534.1
645,415,2024-05-26,entregado,4396.78
646,375,2024-08-30,entregado,4004.39
647,168,2024-10-07,entregado,1685.18
648,196,2024-02-13,cancelado,332.53
649,370,2024-04-29,entregado,4934.85
650,227,2024-06-13,entregado,711.24
651,5,2024-02-01,cancelado,839.83
652,311,2024-10-20,entregado,3387.35
653,245,2024-10-28,cancelado,3050.31
654,458,2024-09-23,entregado,2845.94
655,326,2024-05-04,entregado,1624.08
656,338,2024-06-19,entregado,4172.1
657,122,2024-04-03,entregado,3374.41
658,377,2024-02-17,entregado,3123.48
659,399,2024-06-17,entregado,3529.35
660,423,2024-05-26,entregado,3284.53
661,226,2024-09-14,entregado,3485.48
662,228,2024-04-09,entregado,1795.75
663,349,2024-06-27,entregado,1086.33
664,436,2024-05-16,entregado,3192.62
665,377,2024-04-03,entregado,4910.4
666,392,2024-09-18,entregado,1132.79
667,458,2024-07-14,entregado,2963.09
668,337,2024-04-06,entregado,4539.37
669,422,2024-07-25,entregado,386.66
670,48,2024-01-28,entregado,2199.72
671,241,2024-11-26,entregado,2382.69
672,211,2024-09-06,entregado,4949.29
673,150,2024-05-21,entregado,374.21
674,238,2024-03-28,entregado,2161.39
675,247,2024-10-19,entregado,3161.91
676,29,2024-07-12,entregado,1387.9
677,289,2024-11-12,entregado,1926.31
678,101,2024-09-18,cancelado,4624.16
679,113,2024-02-20,cancelado,1630.81
680,486,2024-11-29,entregado,4525.33
681,408,2024-10-17,entregado,954.2
682,213,2024-06-02,entregado,1964.24
683,295,2024-12-03,entregado,3171.19
684,220,2024-12-22,entregado,481.88
685,497,2024-03-14,entregado,3033.84
686,208,2024-12-16,entregado,499.25
687,213,2024-10-09,entregado,4470.32
688,114,2024-06-17,entregado,3329.45
689,71,2024-04-21,entregado,3563.87
690,372,2024-12-10,entregado,1924.11
691,70,2024-03-20,cancelado,308.15
692,333,2024-05-04,entregado,4743.05
693,256,2024-11-06,entregado,557.96
694,32,2024-08-25,entregado,892.81
695,260,2024-06-23,entregado,4755.39
696,290,2024-06-03,entregado,1405.61
697,334,2024-12-28,entregado,2244.65
698,215,2024-03-21,entregado,3560.47
699,369,2024-09-05,entregado,3641.89
700,168,2024-03-20,entregado,3886.11
701,410,2024-12-28,cancelado,4164.13
702,418,2024-07-20,entregado,1360.35
703,271,2024-04-18,entregado,783.82
704,186,2024-04-25,cancelado,2843.65
705,310,2024-11-19,entregado,1347.33
706,417,2024-04-14,cancelado,3393.16
707,241,2024-12-19,entregado,2616.27
708,348,2024-04-10,entregado,1590.5
709,194,2024-11-21,entregado,3959.06
710,169,2024-09-07,entregado,1309.13
711,362,2024-04-18,entregado,3844.63
712,473,2024-04-06,entregado,2145.97
713,275,2024-04-11,entregado,1194.02
714,186,2024-07-02,entregado,2815.11
715,366,2024-09-06,entregado,2848.2
716,44,2024-10-24,cancelado,3183.05
717,48,2024-09-05,entregado,3355.71
718,342,2024-04-18,entregado,4232.28
719,395,2024-10-27,entregado,3996.36
720,198,2024-12-07,entregado,4393.25
721,91,2024-12-23,entregado,2686.56
722,293,2024-06-28,entregado,3883.26
723,60,2024-06-19,entregado,2195.53
724,456,2024-04-21,entregado,4355.61
725,431,2024-07-09,entregado,3229.35
726,160,2024-02-27,entregado,576.46
727,31,2024-04-19,entregado,1677.01
728,314,2024-01-20,entregado,3133.54
729,294,2024-07-26,entregado,3400.5
730,397,2024-10-21,entregado,2637.51
731,350,2024-06-16,entregado,1184.81
732,191,2024-07-28,entregado,4365.13
733,189,2024-03-06,entregado,3734.6
734,227,2024-08-16,entregado,3520.37
735,116,2024-07-30,entregado,4211.16
736,118,2024-06-03,entregado,1241.08
737,269,2024-11-26,entregado,4232.19
738,485,2024-02-29,entregado,4480.45
739,3,2024-11-22,entregado,2016.93
740,100,2024-02-01,entregado,3719.97
741,423,2024-10-17,entregado,1804.34
742,192,2024-05-28,cancelado,4691.78
743,394,2024-11-24,cancelado,1497.64
744,439,2024-07-29,entregado,212.15
745,443,2024-06-09,entregado,981.08
746,283,2024-10-18,entregado,2278.88
747,22,2024-05-25,cancelado,2254.35
748,293,2024-03-28,cancelado,4450.25
749,183,2024-07-28,entregado,1578.02
750,198,2024-04-29,entregado,2804.98
751,344,2024-09-06,entregado,224.14
752,170,2024-06-07,entregado,3153.99
753,258,2024-06-24,entregado,3024.07
754,146,2024-07-16,entregado,4206.33
755,104,2024-09-04,cancelado,4466.32
756,116,2024-01-18,entregado,3340.64
757,348,2024-02-19,entregado,4509.37
758,150,2024-09-10,entregado,1453.31
759,254,2024-04-30,entregado,1955.45
760,449,2024-06-21,cancelado,4825.05
761,339,2024-02-05,entregado,4547.59
762,326,2024-05-04,entregado,719.28
763,55,2024-02-10,entregado,4016.99
764,407,2024-11-30,entregado,4203.47
765,291,2024-07-26,cancelado,1350.22
766,30,2024-02-26,entregado,596.52
767,40,2024-07-21,entregado,4379.19
768,391,2024-06-22,entregado,3574.65
769,352,2024-01-27,entregado,1273.16
770,418,2024-03-24,entregado,2084.08
771,363,2024-07-08,entregado,4612.98
772,19,2024-12-12,cancelado,4500.41
773,190,2024-07-17,entregado,2010.46
774,102,2024-06-21,entregado,4968.79
775,47,2024-10-21,cancelado,4147.18
776,344,2024-02-22,entregado,3307.8
777,454,2024-07-10,entregado,4370.63
778,60,2024-11-21,entregado,4499.09
779,249,2024-08-13,cancelado,2921.45
780,17,2024-06-23,cancelado,511.63
781,212,2024-11-10,cancelado,1045.5
782,336,2024-08-15,entregado,3011.15
783,100,2024-08-14,entregado,1364.57
784,53,2024-06-26,entregado,2069.87
785,464,2024-10-09,entregado,2646.49
786,113,2024-04-08,entregado,1237.86
787,232,2024-12-07,entregado,2970.83
788,445,2024-07-06,entregado,4359.65
789,36,2024-07-14,entregado,2602.92
790,252,2024-09-15,entregado,1924.85
791,359,2024-09-09,cancelado,4321.96
792,369,2024-01-12,entregado,2493.82
793,248,2024-09-10,entregado,2030.58
794,412,2024-11-04,entregado,2283.52
795,485,2024-05-08,entregado,761.06
796,220,2024-02-28,entregado,683.75
797,383,2024-01-28,entregado,142.96
798,380,2024-06-23,entregado,3814.3
799,65,2024-01-01,entregado,3255.64
800,310,2024-08-16,cancelado,1048.75
801,112,2024-08-01,entregado,895.78
802,68,2024-09-01,cancelado,3835.11
803,336,2024-01-03,entregado,882.21
804,65,2024-05-22,entregado,4803.15
805,72,2024-03-12,cancelado,4959.44
806,273,2024-03-25,entregado,1506.84
807,352,2024-06-22,entregado,833.52
808,53,2024-01-22,cancelado,3517.23
809,332,2024-02-03,entregado,3367.58
810,120,2024-07-08,entregado,1728.71
811,238,2024-01-17,entregado,3158.46
812,401,2024-02-18,entregado,3762.4
813,490,2024-12-02,entregado,652.06
814,469,2024-05-23,entregado,4457.35
815,77,2024-10-05,cancelado,3673.52
816,250,2024-07-01,entregado,448.76
817,219,2024-03-25,entregado,1910.37
818,40,2024-03-22,entregado,953.69
819,174,2024-06-21,entregado,3537.75
820,209,2024-01-05,entregado,3130.52
821,70,2024-02-17,entregado,797.85
822,366,2024-03-18,entregado,1875.03
823,256,2024-12-11,cancelado,4936.16
824,50,2024-03-28,entregado,3345.31
825,198,2024-04-24,entregado,3216.49
826,273,2024-06-30,entregado,848.06
827,275,2024-04-18,cancelado,4444.19
828,18,2024-06-21,entregado,1059.43
829,448,2024-10-23,entregado,3373.78
830,236,2024-05-20,entregado,4068.01
831,341,2024-03-22,entregado,3815.7
832,371,2024-11-15,cancelado,3241.35
833,472,2024-09-28,cancelado,3394.66
834,367,2024-07-02,entregado,3647.91
835,193,2024-12-13,entregado,4924.67
836,468,2024-03-07,entregado,3610.29
837,284,2024-05-10,entregado,2996.1
838,248,2024-02-23,entregado,3152.06
839,306,2024-08-16,cancelado,1518.95
840,315,2024-04-15,entregado,4598.85
841,469,2024-12-11,entregado,3997.16
842,362,2024-07-06,entregado,4714.41
843,80,2024-04-29,entregado,2565.89
844,287,2024-01-18,cancelado,615.52
845,369,2024-04-23,entregado,707.4
846,212,2024-01-10,entregado,950.59
847,495,2024-06-21,entregado,4770.26
848,266,2024-10-20,entregado,267.14
849,308,2024-06-09,entregado,2343.51
850,126,2024-03-17,entregado,313.14
851,402,2024-04-06,cancelado,3983.42
852,338,2024-12-28,entregado,124.32
853,263,2024-06-11,entregado,1835.79
854,469,2024-09-12,entregado,4913.02
855,241,2024-04-02,entregado,2546.89
856,367,2024-12-19,entregado,3666.12
857,264,2024-10-27,entregado,1335.89
858,350,2024-08-11,entregado,4017.12
859,279,2024-05-05,cancelado,3053.05
860,425,2024-01-21,entregado,557.53
861,199,2024-03-02,entregado,2705.49
862,169,2024-11-09,entregado,4018.74
863,224,2024-05-06,entregado,3327.25
864,161,2024-09-13,entregado,3830.28
865,442,2024-08-18,cancelado,166.98
866,389,2024-05-22,cancelado,2969.61
867,254,2024-01-20,entregado,3497.97
868,227,2024-10-15,entregado,2133.1
869,260,2024-07-14,entregado,283.72
870,277,2024-10-12,entregado,3111.52
871,356,2024-03-05,entregado,1751.58
872,3,2024-06-05,cancelado,1351.57
873,138,2024-05-17,entregado,3876.68
874,373,2024-10-10,entregado,4674.85
875,17,2024-12-23,cancelado,2867.33
876,127,2024-10-05,cancelado,4792.01
877,266,2024-02-01,entregado,3423.45
878,387,2024-11-27,entregado,4430.11
879,441,2024-03-27,entregado,4875.75
880,368,2024-08-07,entregado,2537.91
881,90,2024-04-20,entregado,3365.87
882,416,2024-05-09,entregado,4111.28
883,377,2024-07-14,entregado,798.0
884,183,2024-11-18,entregado,3214.95
885,413,2024-05-15,entregado,1016.26
886,127,2024-01-25,entregado,309.26
887,80,2024-11-24,entregado,4996.39
888,7,2024-03-22,entregado,1971.98
889,274,2024-09-26,entregado,1902.88
890,268,2024-04-20,entregado,2369.66
891,421,2024-05-29,entregado,3062.67
892,32,2024-05-02,entregado,2595.86
893,318,2024-12-28,entregado,976.2
894,51,2024-08-08,entregado,4037.59
895,306,2024-10-22,cancelado,4737.7
896,367,2024-07-26,entregado,3494.69
897,423,2024-03-21,entregado,2379.16
898,433,2024-10-17,entregado,4564.27
899,255,2024-11-18,entregado,4117.22
900,265,2024-09-22,entregado,608.32
901,232,2024-07-18,entregado,2433.71
902,133,2024-05-09,cancelado,2205.81
903,262,2024-08-09,entregado,2740.51
904,10,2024-10-13,entregado,3476.51
905,292,2024-01-24,entregado,812.19
906,401,2024-07-27,entregado,1731.06
907,267,2024-04-07,entregado,1142.94
908,84,2024-02-22,entregado,703.34
909,182,2024-06-15,entregado,4815.34
910,148,2024-01-12,entregado,3935.52
911,299,2024-03-26,entregado,3778.66
912,186,2024-03-15,cancelado,3770.53
913,408,2024-03-24,entregado,3452.35
914,134,2024-07-06,entregado,1532.11
915,154,2024-07-13,entregado,3308.1
916,354,2024-08-18,entregado,2743.72
917,198,2024-10-25,entregado,1068.67
918,424,2024-05-15,entregado,1911.78
919,295,2024-10-02,entregado,2046.53
920,391,2024-04-29,entregado,3962.57
921,500,2024-12-10,entregado,4038.52
922,259,2024-12-28,entregado,2092.54
923,205,2024-03-07,entregado,1273.71
924,369,2024-09-17,cancelado,698.27
925,394,2024-09-19,entregado,2993.53
926,483,2024-04-19,cancelado,2475.45
927,436,2024-01-21,cancelado,3627.33
928,299,2024-08-24,entregado,1301.37
929,455,2024-07-04,entregado,486.97
930,62,2024-11-29,entregado,4468.96
931,101,2024-08-03,cancelado,4469.72
932,401,2024-02-24,entregado,1954.08
933,415,2024-12-02,entregado,3155.22
934,391,2024-06-06,entregado,4424.81
935,448,2024-06-18,entregado,1702.64
936,115,2024-01-29,entregado,501.99
937,385,2024-11-30,entregado,4955.58
938,315,2024-08-20,cancelado,3091.52
939,342,2024-11-08,entregado,3223.4
940,383,2024-03-27,entregado,1899.83
941,407,2024-05-12,entregado,1795.08
942,350,2024-08-01,entregado,1115.13
943,1,2024-12-07,entregado,3950.11
944,377,2024-12-24,entregado,122.58
945,369,2024-04-02,entregado,4239.13
946,154,2024-10-30,entregado,4927.85
947,355,2024-02-18,entregado,1195.65
948,386,2024-11-14,entregado,2598.19
949,112,2024-12-30,entregado,2471.39
950,463,2024-01-06,entregado,274.87
951,394,2024-07-02,cancelado,4999.19
952,182,2024-11-07,cancelado,1097.32
953,192,2024-08-18,entregado,1762.7
954,447,2024-08-14,entregado,1548.24
955,167,2024-05-04,entregado,2416.44
956,112,2024-03-13,entregado,3897.19
957,244,2024-11-11,entregado,2644.18
958,447,2024-10-03,entregado,765.19
959,497,2024-03-01,entregado,2317.21
960,382,2024-12-10,entregado,1781.45
961,471,2024-11-27,entregado,2053.98
962,158,2024-05-03,entregado,4931.39
963,426,2024-01-14,entregado,2529.33
964,405,2024-08-01,entregado,3275.13
965,255,2024-02-29,cancelado,3487.97
966,115,2024-11-22,entregado,732.74
967,277,2024-03-29,entregado,954.45
968,64,2024-02-26,entregado,671.63
969,357,2024-09-14,entregado,1838.29
970,467,2024-01-23,entregado,2238.81
971,336,2024-09-08,entregado,3709.86
972,228,2024-12-13,entregado,2502.21
973,3,2024-08-27,entregado,3159.21
974,488,2024-07-30,entregado,301.99
975,418,2024-11-18,entregado,1321.52
976,126,2024-09-06,entregado,2999.42
977,441,2024-10-09,entregado,3077.53
978,201,2024-01-16,entregado,1735.06
979,278,2024-03-27,entregado,102.95
980,293,2024-07-27,entregado,988.08
981,493,2024-08-03,entregado,1172.81
982,93,2024-09-25,entregado,2924.45
983,493,2024-07-31,entregado,3887.62
984,95,2024-08-18,entregado,1528.2
985,473,2024-09-30,entregado,3230.11
986,360,2024-03-24,entregado,2203.69
987,52,2024-05-07,entregado,2295.09
988,86,2024-05-04,entregado,4989.35
989,279,2024-12-01,entregado,2901.52
990,333,2024-05-02,entregado,1896.76
991,73,2024-11-26,entregado,1779.39
992,159,2024-02-05,entregado,4305.67
993,31,2024-03-27,cancelado,1385.12
994,353,2024-10-11,entregado,3556.22
995,377,2024-05-31,entregado,2158.25
996,93,2024-09-09,entregado,3726.72
997,4,2024-05-02,entregado,4058.78
998,162,2024-09-28,cancelado,2172.89
999,43,2024-11-08,entregado,3039.06
1000,296,2024-08-18,cancelado,4752.91
1001,135,2024-09-06,entregado,4634.89
1002,252,2024-05-15,entregado,2746.3
1003,355,2024-05-11,entregado,2932.6
1004,202,2024-08-17,entregado,2925.38
1005,65,2024-07-12,cancelado,4487.57
1006,361,2024-09-03,entregado,706.02
1007,241,2024-11-10,cancelado,3537.32
1008,170,2024-08-31,entregado,1260.56
1009,118,2024-11-17,entregado,589.57
1010,119,2024-11-16,entregado,2767.67
1011,134,2024-05-30,entregado,874.02
1012,390,2024-10-16,cancelado,894.82
1013,188,2024-07-19,entregado,900.57
1014,197,2024-10-02,entregado,1854.98
1015,460,2024-08-10,entregado,732.1
1016,413,2024-02-10,entregado,1443.97
1017,274,2024-06-28,entregado,4055.27
1018,334,2024-12-26,entregado,4978.99
1019,205,2024-09-01,cancelado,4716.52
1020,177,2024-08-26,entregado,2141.68
1021,254,2024-12-29,entregado,1135.76
1022,333,2024-07-25,entregado,373.71
1023,434,2024-11-25,entregado,2790.31
1024,315,2024-03-08,entregado,929.65
1025,205,2024-05-11,entregado,589.72
1026,130,2024-01-29,cancelado,4789.4
1027,401,2024-07-21,entregado,3071.25
1028,282,2024-04-05,entregado,1152.03
1029,65,2024-02-24,entregado,4840.77
1030,420,2024-11-01,entregado,1813.13
1031,487,2024-07-13,entregado,265.28
1032,66,2024-11-15,entregado,3454.7
1033,426,2024-05-29,entregado,4321.19
1034,105,2024-08-06,entregado,938.15
1035,305,2024-11-07,cancelado,1087.59
1036,65,2024-04-07,entregado,4959.23
1037,349,2024-04-18,entregado,1102.42
1038,387,2024-04-05,entregado,886.45
1039,188,2024-02-25,cancelado,183.96
1040,450,2024-07-25,entregado,692.91
1041,296,2024-08-04,entregado,688.77
1042,263,2024-08-11,entregado,461.51
1043,205,2024-09-08,entregado,3542.71
1044,17,2024-09-04,entregado,631.03
1045,444,2024-10-10,entregado,2979.99
1046,263,2024-11-13,entregado,1169.92
1047,3,2024-06-17,entregado,4163.27
1048,389,2024-01-29,cancelado,2197.75
1049,223,2024-07-06,cancelado,794.59
1050,76,2024-02-15,entregado,3848.57
1051,97,2024-11-18,entregado,653.09
1052,249,2024-02-23,entregado,4028.15
1053,451,2024-10-09,entregado,361.32
1054,445,2024-03-22,entregado,4360.63
1055,334,2024-11-18,entregado,1820.65
1056,164,2024-01-28,entregado,3091.68
1057,464,2024-12-23,entregado,3325.46
1058,443,2024-02-28,entregado,464.24
1059,466,2024-06-18,entregado,3741.14
1060,477,2024-05-19,cancelado,1337.86
1061,133,2024-05-30,entregado,162.9
1062,411,2024-05-01,entregado,4052.82
1063,472,2024-06-25,entregado,1014.71
1064,428,2024-10-13,entregado,1276.32
1065,469,2024-12-30,entregado,4500.47
1066,87,2024-09-18,entregado,409.38
1067,290,2024-11-30,entregado,117.14
1068,271,2024-05-15,entregado,325.54
1069,321,2024-11-06,entregado,4349.19
1070,239,2024-07-21,entregado,3458.26
1071,445,2024-03-17,entregado,4916.86
1072,146,2024-09-18,cancelado,4230.57
1073,261,2024-04-21,entregado,2250.39
1074,229,2024-09-11,entregado,2422.29
1075,351,2024-10-27,entregado,820.42
1076,304,2024-06-07,entregado,3172.86
1077,379,2024-09-01,entregado,1936.6
1078,320,2024-02-03,entregado,2317.96
1079,213,2024-01-21,entregado,4816.24
1080,415,2024-11-20,entregado,2172.05
1081,373,2024-07-26,entregado,265.41
1082,136,2024-09-14,cancelado,2447.67
1083,433,2024-04-21,entregado,1347.11
1084,376,2024-06-07,entregado,3228.58
1085,149,2024-04-15,entregado,2634.97
1086,458,2024-08-26,entregado,977.36
1087,394,2024-04-30,entregado,1293.06
1088,60,2024-01-06,entregado,509.16
1089,442,2024-08-04,cancelado,3736.32
1090,4,2024-07-19,cancelado,3001.39
1091,340,2024-10-15,entregado,3784.69
1092,233,2024-09-04,entregado,1175.35
1093,270,2024-07-31,entregado,4117.09
1094,399,2024-01-27,entregado,4916.43
1095,434,2024-10-21,entregado,3737.96
1096,455,2024-12-11,entregado,4566.37
1097,191,2024-06-19,entregado,986.09
1098,342,2024-04-18,cancelado,3088.62
1099,416,2024-11-01,entregado,127.77
1100,404,2024-07-19,cancelado,939.53
1101,363,2024-11-02,entregado,3456.03
1102,462,2024-06-13,entregado,1679.58
1103,282,2024-06-05,entregado,3100.03
1104,204,2024-01-31,entregado,3858.22
1105,430,2024-04-18,cancelado,4870.11
1106,351,2024-08-14,entregado,2248.55
1107,17,2024-07-01,entregado,3745.89
1108,9,2024-10-26,entregado,1795.01
1109,95,2024-09-05,entregado,3771.35
1110,310,2024-12-27,entregado,2764.46
1111,467,2024-09-25,cancelado,807.71
1112,415,2024-09-25,entregado,4129.1
1113,234,2024-02-05,entregado,2521.8
1114,319,2024-09-17,entregado,4460.1
1115,215,2024-03-14,cancelado,606.91
1116,197,2024-04-02,cancelado,3484.01
1117,456,2024-01-31,entregado,4309.42
1118,468,2024-01-15,entregado,2187.12
1119,253,2024-09-03,entregado,596.94
1120,449,2024-04-21,entregado,895.99
1121,295,2024-06-18,entregado,1899.6
1122,160,2024-07-15,entregado,726.26
1123,53,2024-10-11,entregado,4000.43
1124,31,2024-11-28,entregado,2549.24
1125,315,2024-01-06,entregado,1628.87
1126,241,2024-09-09,cancelado,3571.19
1127,429,2024-10-02,entregado,1413.94
1128,403,2024-05-16,entregado,4032.71
1129,244,2024-02-26,cancelado,3702.76
1130,138,2024-06-13,entregado,1704.81
1131,233,2024-02-15,entregado,2864.34
1132,25,2024-10-18,entregado,4779.83
1133,83,2024-07-20,cancelado,2813.2
1134,134,2024-06-20,entregado,1658.24
1135,80,2024-07-08,entregado,2041.82
1136,217,2024-04-13,cancelado,4289.27
1137,188,2024-02-18,entregado,1742.82
1138,443,2024-07-27,entregado,1013.77
1139,421,2024-11-10,entregado,3399.57
1140,334,2024-01-10,entregado,4620.71
1141,137,2024-02-22,entregado,557.36
1142,341,2024-03-23,entregado,1270.24
1143,111,2024-09-04,entregado,3971.33
1144,436,2024-11-15,entregado,4919.1
1145,466,2024-12-21,entregado,4852.99
1146,267,2024-10-12,entregado,1422.54
1147,361,2024-08-20,entregado,4719.7
1148,437,2024-05-05,entregado,4361.99
1149,494,2024-02-22,entregado,3740.13
1150,189,2024-09-04,entregado,1496.36
1151,6,2024-07-06,cancelado,1486.24
1152,9,2024-02-11,entregado,676.3
1153,403,2024-04-20,entregado,4775.96
1154,400,2024-05-25,entregado,4842.89
1155,93,2024-05-05,entregado,1509.95
1156,54,2024-09-02,cancelado,2272.65
1157,493,2024-08-24,entregado,3088.05
1158,432,2024-11-05,entregado,1339.2
1159,470,2024-12-23,entregado,2701.55
1160,144,2024-03-20,cancelado,2712.63
1161,460,2024-11-26,entregado,2217.87
1162,147,2024-02-17,entregado,1910.15
1163,422,2024-11-23,entregado,3149.67
1164,118,2024-07-24,entregado,4170.09
1165,444,2024-01-27,entregado,1461.86
1166,189,2024-02-25,entregado,3760.59
1167,436,2024-03-13,entregado,2131.13
1168,375,2024-07-21,entregado,1260.05
1169,14,2024-06-07,entregado,1353.79
1170,151,2024-10-08,entregado,391.44
1171,361,2024-01-04,entregado,2077.25
1172,141,2024-02-16,entregado,4796.68
1173,90,2024-01-21,entregado,1329.24
1174,244,2024-03-18,entregado,1935.82
1175,115,2024-05-24,entregado,2882.77
1176,99,2024-04-20,entregado,2745.74
1177,403,2024-04-05,entregado,4167.95
1178,115,2024-07-02,cancelado,2758.39
1179,95,2024-04-21,entregado,135.13
1180,308,2024-05-17,entregado,1906.38
1181,376,2024-01-11,entregado,3139.49
1182,319,2024-03-16,entregado,2166.8
1183,250,2024-04-16,entregado,1249.61
1184,154,2024-11-15,entregado,2132.9
1185,108,2024-06-28,cancelado,3838.55
1186,449,2024-03-14,entregado,389.64
1187,49,2024-08-29,entregado,3378.25
1188,47,2024-05-06,entregado,2437.26
1189,175,2024-12-16,cancelado,2095.27
1190,84,2024-11-21,entregado,1703.04
1191,237,2024-03-19,entregado,2659.56
1192,235,2024-04-09,entregado,2023.07
1193,385,2024-03-22,entregado,2317.84
1194,204,2024-05-17,entregado,4616.24
1195,141,2024-11-09,entregado,1152.86
1196,76,2024-11-22,entregado,1513.53
1197,120,2024-08-28,entregado,2676.98
1198,335,2024-11-29,entregado,3756.27
1199,470,2024-10-18,entregado,1936.73
1200,320,2024-11-24,cancelado,3873.4
1201,327,2024-02-27,cancelado,3031.35
1202,428,2024-08-31,entregado,632.16
1203,8,2024-09-28,entregado,1718.14
1204,472,2024-03-21,entregado,474.72
1205,397,2024-06-29,entregado,1039.6
1206,409,2024-12-17,entregado,914.39
1207,152,2024-03-07,entregado,767.97
1208,428,2024-04-29,entregado,1825.43
1209,295,2024-06-28,entregado,1190.24
1210,24,2024-07-04,cancelado,2124.84
1211,436,2024-03-24,entregado,4861.97
1212,262,2024-07-20,entregado,474.28
1213,398,2024-11-29,entregado,2151.45
1214,311,2024-08-15,entregado,4346.79
1215,333,2024-10-21,entregado,1305.57
1216,128,2024-04-20,entregado,708.88
1217,157,2024-01-26,entregado,352.03
1218,18,2024-02-14,entregado,1464.95
1219,336,2024-03-22,entregado,4680.93
1220,270,2024-06-01,entregado,4074.91
1221,80,2024-05-22,entregado,531.96
1222,491,2024-08-03,entregado,251.2
1223,361,2024-05-02,cancelado,1153.32
1224,91,2024-12-19,entregado,4458.6
1225,357,2024-05-20,entregado,685.26
1226,328,2024-07-20,cancelado,2923.29
1227,500,2024-08-14,entregado,1520.19
1228,92,2024-03-07,entregado,4473.98
1229,410,2024-09-25,entregado,2453.61
1230,273,2024-07-26,cancelado,556.31
1231,442,2024-08-28,entregado,3888.69
1232,405,2024-05-19,entregado,4342.23
1233,198,2024-08-31,entregado,2189.59
1234,409,2024-08-06,entregado,1767.39
1235,444,2024-03-07,cancelado,4071.78
1236,46,2024-11-27,cancelado,3658.86
1237,194,2024-11-03,entregado,3936.72
1238,199,2024-10-31,entregado,4539.12
1239,201,2024-05-10,entregado,2605.84
1240,46,2024-05-19,entregado,499.85
1241,349,2024-07-13,entregado,3511.46
1242,327,2024-03-29,entregado,3064.2
1243,375,2024-07-31,entregado,4665.27
1244,479,2024-10-01,entregado,2869.01
1245,234,2024-02-12,entregado,208.46
1246,297,2024-09-06,entregado,2454.83
1247,487,2024-01-02,entregado,2515.49
1248,392,2024-05-16,entregado,4167.2
1249,267,2024-07-27,entregado,945.4
1250,136,2024-10-25,entregado,649.83
1251,448,2024-03-03,entregado,1000.95
1252,24,2024-06-03,cancelado,4798.41
1253,394,2024-12-01,entregado,2744.73
1254,481,2024-01-06,entregado,4155.0
1255,49,2024-08-06,entregado,3401.37
1256,143,2024-11-10,entregado,956.02
1257,261,2024-05-18,entregado,3312.13
1258,218,2024-07-06,entregado,925.31
1259,365,2024-12-15,entregado,2481.23
1260,169,2024-02-24,entregado,1166.61
1261,459,2024-03-01,entregado,3228.42
1262,398,2024-09-17,cancelado,3613.13
1263,410,2024-03-18,entregado,4963.7
1264,361,2024-05-28,cancelado,642.25
1265,395,2024-12-22,entregado,2939.85
1266,328,2024-09-09,entregado,1605.45
1267,297,2024-03-22,entregado,4228.48
1268,321,2024-04-04,entregado,1961.78
1269,436,2024-11-17,cancelado,1546.72
1270,14,2024-12-22,entregado,4515.76
1271,157,2024-03-16,entregado,2003.0
1272,477,2024-06-23,entregado,3527.15
1273,251,2024-10-22,entregado,3759.68
1274,495,2024-04-06,entregado,785.83
1275,313,2024-07-14,entregado,4613.38
1276,257,2024-08-28,cancelado,1780.41
1277,68,2024-09-02,entregado,2018.2
1278,99,2024-08-16,cancelado,3701.17
1279,338,2024-02-28,entregado,2081.65
1280,414,2024-03-14,entregado,2084.22
1281,232,2024-12-07,entregado,3439.5
1282,148,2024-04-25,entregado,4617.14
1283,196,2024-01-06,entregado,3119.39
1284,82,2024-01-12,cancelado,1577.78
1285,475,2024-02-03,entregado,4547.65
1286,260,2024-01-15,entregado,2624.03
1287,24,2024-07-26,entregado,4589.05
1288,244,2024-11-02,entregado,3428.7
1289,217,2024-06-02,entregado,2933.88
1290,37,2024-06-05,cancelado,1194.12
1291,443,2024-06-09,entregado,4131.2
1292,88,2024-08-27,entregado,1800.97
1293,134,2024-09-10,entregado,3036.06
1294,286,2024-02-13,entregado,4275.41
1295,233,2024-06-09,entregado,2641.71
1296,44,2024-03-16,entregado,883.94
1297,122,2024-03-06,entregado,3763.44
1298,436,2024-03-08,entregado,1331.01
1299,296,2024-06-29,entregado,963.2
1300,194,2024-11-16,entregado,3103.33
1301,366,2024-10-11,entregado,3113.42
1302,277,2024-12-05,cancelado,2812.2
1303,496,2024-06-05,cancelado,2559.0
1304,472,2024-03-27,cancelado,2279.44
1305,115,2024-03-26,entregado,1154.23
1306,239,2024-09-16,entregado,4537.26
1307,437,2024-01-29,entregado,2498.22
1308,183,2024-04-04,entregado,948.08
1309,214,2024-02-04,cancelado,2833.16
1310,376,2024-03-06,entregado,4969.76
1311,248,2024-03-24,entregado,4143.72
1312,28,2024-02-11,cancelado,3784.6
1313,298,2024-05-04,entregado,4110.56
1314,361,2024-06-07,entregado,531.44
1315,108,2024-11-18,entregado,3814.76
1316,233,2024-10-18,entregado,2988.36
1317,2,2024-09-04,entregado,1257.66
1318,448,2024-03-08,entregado,2932.06
1319,43,2024-12-28,entregado,2675.76
1320,433,2024-03-17,entregado,1419.0
1321,144,2024-05-05,entregado,597.59
1322,119,2024-02-28,entregado,2445.89
1323,15,2024-02-06,entregado,4954.34
1324,487,2024-04-26,entregado,1475.35
1325,122,2024-07-31,entregado,2673.71
1326,107,2024-06-30,entregado,4480.91
1327,443,2024-04-01,entregado,4991.84
1328,289,2024-10-08,entregado,3956.16
1329,144,2024-06-30,entregado,1182.45
1330,52,2024-11-02,cancelado,3225.04
1331,69,2024-09-29,entregado,694.08
1332,432,2024-08-21,entregado,2380.17
1333,69,2024-10-09,entregado,2134.27
1334,367,2024-09-14,cancelado,459.87
1335,489,2024-04-16,entregado,642.76
1336,355,2024-08-17,entregado,244.74
1337,478,2024-09-19,entregado,3598.26
1338,18,2024-11-17,entregado,4152.72
1339,397,2024-02-05,entregado,2010.17
1340,312,2024-02-19,entregado,3436.77
1341,258,2024-08-03,cancelado,804.26
1342,45,2024-02-05,entregado,170.03
1343,60,2024-06-07,entregado,3235.67
1344,240,2024-05-06,entregado,2394.06
1345,181,2024-10-20,cancelado,2649.54
1346,65,2024-03-23,entregado,3161.17
1347,178,2024-05-31,entregado,2901.89
1348,19,2024-10-01,cancelado,4838.3
1349,410,2024-08-28,entregado,4565.63
1350,85,2024-04-12,entregado,4655.54
1351,296,2024-08-31,entregado,780.41
1352,55,2024-03-14,entregado,2057.55
1353,240,2024-09-30,entregado,2447.76
1354,67,2024-06-29,entregado,935.15
1355,357,2024-08-13,entregado,4078.44
1356,207,2024-06-12,entregado,1475.42
1357,383,2024-11-29,entregado,4284.31
1358,90,2024-11-29,entregado,1028.53
1359,340,2024-12-22,entregado,3325.1
1360,368,2024-11-09,entregado,638.94
1361,447,2024-04-26,entregado,1904.85
1362,165,2024-02-21,entregado,362.85
1363,362,2024-08-29,entregado,2674.11
1364,61,2024-11-19,entregado,3340.32
1365,424,2024-02-14,entregado,3955.44
1366,115,2024-10-24,entregado,1046.55
1367,7,2024-09-14,entregado,230.64
1368,412,2024-04-30,entregado,3728.12
1369,421,2024-06-19,entregado,2410.83
1370,387,2024-03-29,entregado,2949.82
1371,356,2024-10-30,entregado,1425.9
1372,437,2024-11-24,entregado,2276.04
1373,434,2024-10-10,entregado,378.05
1374,69,2024-06-20,entregado,4446.98
1375,5,2024-04-29,entregado,3045.68
1376,343,2024-05-29,entregado,3033.32
1377,319,2024-01-05,entregado,1137.02
1378,321,2024-06-01,entregado,3792.11
1379,444,2024-03-30,entregado,4733.29
1380,413,2024-04-14,entregado,3860.03
1381,301,2024-03-06,entregado,1385.23
1382,302,2024-08-09,entregado,4047.13
1383,369,2024-01-28,entregado,4822.03
1384,90,2024-01-01,entregado,3039.14
1385,225,2024-09-02,entregado,1646.47
1386,166,2024-06-22,cancelado,1907.91
1387,334,2024-10-16,entregado,2207.27
1388,458,2024-01-23,entregado,2526.84
1389,262,2024-05-19,entregado,4947.02
1390,432,2024-11-19,entregado,2339.95
1391,477,2024-02-24,entregado,1488.58
1392,349,2024-05-10,entregado,146.89
1393,280,2024-12-28,entregado,2293.07
1394,416,2024-08-25,entregado,4451.45
1395,486,2024-04-01,entregado,3606.41
1396,96,2024-01-12,entregado,1453.02
1397,312,2024-08-14,entregado,3005.87
1398,90,2024-05-02,entregado,3320.29
1399,179,2024-03-23,entregado,3171.82
1400,494,2024-03-31,entregado,3771.12
1401,303,2024-06-10,entregado,2506.52
1402,457,2024-09-07,entregado,4315.12
1403,342,2024-09-19,entregado,4357.67
1404,462,2024-03-18,entregado,3093.31
1405,137,2024-08-20,entregado,1310.9
1406,169,2024-02-01,cancelado,721.56
1407,337,2024-04-15,entregado,4396.88
1408,238,2024-06-25,entregado,1830.78
1409,60,2024-11-10,entregado,1254.09
1410,298,2024-10-26,entregado,3250.1
1411,197,2024-08-29,entregado,777.94
1412,488,2024-01-27,entregado,4335.47
1413,229,2024-05-25,entregado,190.22
1414,104,2024-01-24,entregado,3333.51
1415,237,2024-06-22,cancelado,354.62
1416,476,2024-04-17,entregado,1818.73
1417,218,2024-05-27,entregado,636.15
1418,267,2024-06-04,entregado,3232.32
1419,313,2024-04-04,entregado,3997.81
1420,145,2024-06-27,entregado,1230.09
1421,170,2024-03-12,entregado,2660.18
1422,258,2024-07-22,entregado,2213.45
1423,214,2024-03-03,entregado,235.74
1424,14,2024-07-31,entregado,2609.5
1425,433,2024-03-12,entregado,2274.15
1426,237,2024-03-02,cancelado,3217.52
1427,82,2024-05-11,entregado,2949.31
1428,476,2024-03-14,entregado,3833.11
1429,398,2024-10-24,entregado,402.35
1430,335,2024-07-31,entregado,2806.31
1431,353,2024-03-06,entregado,3515.27
1432,358,2024-03-26,entregado,3526.63
1433,102,2024-12-01,entregado,1797.2
1434,447,2024-06-29,entregado,1093.48
1435,168,2024-10-02,entregado,2217.4
1436,273,2024-08-24,cancelado,3206.17
1437,418,2024-02-28,cancelado,1164.95
1438,136,2024-11-11,entregado,1356.87
1439,347,2024-03-17,entregado,1580.11
1440,436,2024-11-24,entregado,332.8
1441,244,2024-04-17,cancelado,904.14
1442,5,2024-04-30,entregado,3338.15
1443,150,2024-09-29,entregado,2498.42
1444,116,2024-12-20,entregado,4108.29
1445,19,2024-11-10,entregado,1368.28
1446,52,2024-03-21,entregado,2516.98
1447,25,2024-09-06,entregado,3100.28
1448,26,2024-04-13,entregado,517.02
1449,333,2024-01-03,entregado,4318.47
1450,257,2024-05-21,entregado,757.64
1451,267,2024-07-16,entregado,3320.07
1452,178,2024-12-05,cancelado,1109.07
1453,7,2024-03-28,entregado,136.17
1454,440,2024-05-12,entregado,4360.94
1455,198,2024-06-03,entregado,1177.31
1456,212,2024-02-29,entregado,4100.22
1457,255,2024-10-26,entregado,202.88
1458,32,2024-05-08,entregado,2952.12
1459,127,2024-06-01,entregado,3156.58
1460,48,2024-07-13,entregado,3195.94
1461,350,2024-04-12,entregado,1058.45
1462,398,2024-02-07,entregado,3021.74
1463,453,2024-06-05,entregado,4384.89
1464,126,2024-06-27,entregado,4669.24
1465,56,2024-08-21,entregado,2533.41
1466,267,2024-08-17,entregado,490.94
1467,236,2024-08-20,entregado,2100.06
1468,339,2024-03-19,cancelado,4807.91
1469,291,2024-03-07,entregado,1111.5
1470,483,2024-07-27,entregado,1131.43
1471,104,2024-06-17,entregado,2738.72
1472,404,2024-10-09,entregado,1598.79
1473,428,2024-10-13,entregado,4995.4
1474,158,2024-02-24,entregado,3545.79
1475,476,2024-09-10,entregado,2213.83
1476,242,2024-05-18,entregado,3122.32
1477,61,2024-03-12,entregado,1147.35
1478,174,2024-04-10,entregado,3636.91
1479,262,2024-01-20,entregado,3978.03
1480,40,2024-07-07,cancelado,2690.69
1481,60,2024-10-21,entregado,1794.69
1482,299,2024-04-06,entregado,987.27
1483,176,2024-11-19,entregado,4284.36
1484,436,2024-11-07,entregado,173.35
1485,376,2024-01-24,entregado,1266.79
1486,435,2024-09-06,entregado,2280.34
1487,356,2024-11-07,entregado,3443.03
1488,190,2024-10-06,entregado,118.11
1489,343,2024-09-17,entregado,720.58
1490,230,2024-09-13,entregado,1970.49
1491,419,2024-03-28,cancelado,1686.27
1492,211,2024-03-05,entregado,2179.69
1493,99,2024-03-24,entregado,4658.48
1494,218,2024-03-30,entregado,4458.33
1495,467,2024-11-17,entregado,1783.02
1496,200,2024-10-10,entregado,570.97
1497,491,2024-01-04,entregado,3353.48
1498,179,2024-02-28,entregado,208.4
1499,100,2024-10-03,cancelado,1873.51
1500,14,2024-07-06,entregado,4064.9
1501,460,2024-12-26,entregado,2581.13
1502,397,2024-01-13,entregado,4205.8
1503,23,2024-03-27,entregado,2042.77
1504,447,2024-05-09,entregado,1884.08
1505,254,2024-08-12,entregado,278.1
1506,235,2024-12-23,entregado,3699.0
1507,191,2024-04-29,entregado,1833.33
1508,22,2024-11-30,entregado,3725.77
1509,10,2024-11-15,entregado,813.74
1510,360,2024-05-11,entregado,1116.56
1511,391,2024-11-22,cancelado,3957.59
1512,281,2024-08-21,entregado,2294.41
1513,105,2024-12-29,entregado,3032.53
1514,72,2024-07-16,entregado,749.59
1515,87,2024-02-12,entregado,3082.32
1516,252,2024-12-16,entregado,4107.09
1517,374,2024-04-25,entregado,3831.56
1518,212,2024-12-24,entregado,932.13
1519,280,2024-03-11,entregado,3204.8
1520,195,2024-09-08,entregado,1072.08
1521,341,2024-03-14,entregado,1572.72
1522,141,2024-06-02,entregado,1173.37
1523,40,2024-11-07,cancelado,3503.31
1524,407,2024-03-17,entregado,3593.21
1525,65,2024-04-10,entregado,2598.21
1526,440,2024-05-27,cancelado,1726.98
1527,289,2024-07-25,entregado,3956.83
1528,233,2024-05-11,cancelado,1782.3
1529,96,2024-02-21,entregado,181.37
1530,98,2024-07-09,entregado,1908.42
1531,133,2024-06-09,cancelado,2060.86
1532,17,2024-10-11,entregado,262.15
1533,473,2024-11-01,entregado,1367.77
1534,266,2024-10-17,entregado,2210.65
1535,434,2024-07-04,entregado,2169.36
1536,137,2024-03-11,entregado,3434.94
1537,404,2024-04-21,entregado,2828.34
1538,47,2024-11-07,entregado,3496.34
1539,368,2024-08-19,entregado,2933.95
1540,376,2024-02-20,entregado,3156.04
1541,95,2024-12-09,entregado,2458.23
1542,175,2024-01-02,entregado,2803.41
1543,164,2024-02-29,entregado,1852.75
1544,253,2024-11-23,entregado,888.4
1545,104,2024-12-05,cancelado,3071.14
1546,392,2024-03-21,entregado,1015.6
1547,486,2024-05-23,entregado,2434.8
1548,71,2024-07-26,entregado,1369.04
1549,37,2024-07-05,entregado,4390.2
1550,81,2024-12-11,entregado,1866.72
1551,336,2024-04-14,entregado,2999.95
1552,439,2024-03-01,cancelado,4598.39
1553,300,2024-09-18,entregado,1982.57
1554,135,2024-04-27,entregado,4728.86
1555,222,2024-08-09,entregado,2416.16
1556,229,2024-01-05,entregado,1757.39
1557,138,2024-01-28,entregado,151.58
1558,483,2024-09-24,entregado,3243.48
1559,336,2024-08-03,entregado,203.42
1560,95,2024-12-12,entregado,2524.91
1561,142,2024-08-05,entregado,4853.16
1562,293,2024-05-16,cancelado,2495.89
1563,292,2024-08-12,entregado,4472.38
1564,12,2024-11-26,cancelado,3131.0
1565,498,2024-05-30,entregado,1464.58
1566,201,2024-01-12,entregado,3374.49
1567,8,2024-09-11,cancelado,4725.51
1568,295,2024-06-03,entregado,4473.92
1569,233,2024-04-18,entregado,968.86
1570,333,2024-09-05,entregado,1893.86
1571,340,2024-02-05,entregado,905.07
1572,283,2024-05-10,entregado,2233.31
1573,111,2024-08-22,entregado,4643.87
1574,497,2024-10-19,entregado,2069.06
1575,427,2024-12-16,entregado,2876.83
1576,39,2024-08-12,entregado,1346.48
1577,374,2024-10-19,entregado,270.39
1578,495,2024-01-21,entregado,3017.24
1579,100,2024-01-07,entregado,2731.62
1580,407,2024-04-25,entregado,2886.39
1581,81,2024-03-04,entregado,3119.0
1582,93,2024-07-05,entregado,3321.22
1583,177,2024-06-13,entregado,2669.41
1584,15,2024-06-19,entregado,2992.43
1585,105,2024-06-12,cancelado,3354.78
1586,240,2024-08-23,entregado,2874.83
1587,323,2024-09-30,entregado,1597.34
1588,261,2024-09-21,entregado,2866.79
1589,111,2024-10-11,entregado,4836.93
1590,475,2024-08-14,entregado,4461.85
1591,372,2024-08-19,entregado,1583.79
1592,174,2024-04-23,entregado,4653.7
1593,275,2024-05-27,entregado,360.24
1594,37,2024-11-03,entregado,1978.54
1595,98,2024-07-08,entregado,2873.4
1596,388,2024-08-14,entregado,2998.17
1597,351,2024-10-06,entregado,3864.21
1598,180,2024-09-02,entregado,1130.37
1599,297,2024-02-04,entregado,456.97
1600,474,2024-09-14,entregado,4249.69
1601,381,2024-07-06,entregado,1032.88
1602,370,2024-01-25,entregado,2918.15
1603,496,2024-10-07,entregado,3468.7
1604,439,2024-10-05,entregado,3467.45
1605,70,2024-12-09,entregado,393.1
1606,358,2024-09-13,entregado,1806.78
1607,113,2024-11-11,entregado,1089.94
1608,495,2024-06-25,cancelado,4328.53
1609,156,2024-06-20,entregado,1904.17
1610,449,2024-10-05,entregado,2736.19
1611,457,2024-05-08,entregado,3823.76
1612,84,2024-05-22,entregado,1126.9
1613,170,2024-03-14,entregado,1120.07
1614,157,2024-04-18,entregado,2843.37
1615,337,2024-08-20,entregado,1584.05
1616,84,2024-08-12,entregado,599.86
1617,69,2024-04-25,entregado,2553.59
1618,98,2024-03-10,entregado,780.65
1619,164,2024-01-09,entregado,4701.39
1620,381,2024-12-05,entregado,584.47
1621,64,2024-11-28,entregado,4533.54
1622,414,2024-03-10,cancelado,909.36
1623,304,2024-12-15,entregado,1748.82
1624,478,2024-04-17,entregado,4144.57
1625,5,2024-08-18,cancelado,3408.73
1626,322,2024-03-18,entregado,4326.33
1627,266,2024-07-05,entregado,3484.88
1628,349,2024-08-02,entregado,4100.16
1629,450,2024-05-23,entregado,4980.54
1630,96,2024-11-06,entregado,4803.05
1631,330,2024-06-16,entregado,1145.72
1632,18,2024-02-20,entregado,1007.88
1633,6,2024-09-08,cancelado,1427.8
1634,288,2024-10-11,entregado,3481.29
1635,458,2024-09-13,cancelado,563.23
1636,12,2024-09-07,entregado,230.08
1637,420,2024-03-21,entregado,1488.77
1638,472,2024-05-01,cancelado,4351.71
1639,200,2024-11-30,entregado,3529.82
1640,139,2024-09-27,entregado,674.89
1641,69,2024-01-27,entregado,3037.64
1642,208,2024-01-24,entregado,1896.59
1643,285,2024-12-06,entregado,1667.93
1644,58,2024-10-20,entregado,792.09
1645,269,2024-02-25,cancelado,3529.27
1646,275,2024-09-17,entregado,562.46
1647,277,2024-06-05,entregado,2841.24
1648,343,2024-04-07,entregado,1824.11
1649,169,2024-04-03,entregado,2685.16
1650,316,2024-01-22,entregado,266.19
1651,11,2024-05-23,entregado,3362.78
1652,454,2024-09-25,entregado,1824.82
1653,147,2024-09-01,cancelado,901.7
1654,129,2024-05-06,cancelado,511.25
1655,166,2024-10-22,entregado,668.07
1656,455,2024-04-19,cancelado,4005.38
1657,325,2024-07-09,entregado,2807.31
1658,402,2024-12-15,cancelado,1557.55
1659,361,2024-12-08,entregado,3457.09
1660,426,2024-03-20,entregado,475.83
1661,243,2024-04-27,entregado,579.13
1662,479,2024-08-16,entregado,3476.94
1663,477,2024-01-28,entregado,534.22
1664,199,2024-09-28,entregado,391.35
1665,189,2024-02-25,entregado,1309.81
1666,488,2024-04-29,entregado,1279.89
1667,268,2024-10-19,entregado,840.65
1668,222,2024-09-03,entregado,516.25
1669,404,2024-10-06,entregado,2912.15
1670,333,2024-06-01,entregado,3395.68
1671,364,2024-05-08,entregado,2896.65
1672,80,2024-08-28,entregado,3033.62
1673,256,2024-01-05,cancelado,3901.58
1674,335,2024-09-22,entregado,4536.29
1675,320,2024-12-08,entregado,3707.58
1676,414,2024-04-13,entregado,4434.42
1677,329,2024-06-14,entregado,3773.49
1678,168,2024-03-14,entregado,340.61
1679,29,2024-07-02,entregado,341.72
1680,446,2024-09-26,entregado,3995.22
1681,335,2024-12-18,entregado,1575.74
1682,197,2024-12-09,entregado,2583.86
1683,421,2024-04-06,entregado,4200.2
1684,141,2024-01-06,entregado,4529.5
1685,274,2024-11-21,entregado,3042.71
1686,476,2024-10-10,entregado,2668.5
1687,188,2024-08-25,entregado,1782.35
1688,92,2024-04-26,entregado,2050.84
1689,151,2024-06-21,cancelado,4447.22
1690,368,2024-10-20,cancelado,4863.31
1691,101,2024-06-16,entregado,4416.34
1692,500,2024-08-09,entregado,3048.31
1693,194,2024-07-12,entregado,1443.45
1694,149,2024-11-20,entregado,742.75
1695,293,2024-03-03,entregado,2583.46
1696,466,2024-07-13,entregado,4073.8
1697,165,2024-12-23,entregado,422.52
1698,251,2024-02-16,entregado,1047.22
1699,98,2024-01-18,entregado,1449.96
1700,122,2024-10-21,entregado,992.93
1701,235,2024-03-02,entregado,2362.58
1702,3,2024-06-09,cancelado,3956.32
1703,213,2024-05-27,entregado,4621.5
1704,427,2024-10-26,entregado,4898.09
1705,252,2024-05-08,entregado,2275.61
1706,406,2024-08-04,entregado,1855.93
1707,118,2024-09-03,entregado,3422.21
1708,382,2024-03-15,entregado,3805.76
1709,25,2024-09-15,entregado,3872.72
1710,369,2024-07-13,entregado,4342.15
1711,40,2024-05-13,entregado,2722.78
1712,439,2024-01-27,entregado,3373.39
1713,328,2024-03-08,entregado,1677.05
1714,357,2024-08-04,entregado,330.32
1715,173,2024-07-06,entregado,1930.31
1716,108,2024-07-28,cancelado,977.56
1717,446,2024-02-01,entregado,1558.37
1718,484,2024-07-30,entregado,4920.78
1719,182,2024-09-01,entregado,1159.98
1720,344,2024-03-12,entregado,613.61
1721,90,2024-09-20,entregado,4757.91
1722,480,2024-09-02,entregado,561.29
1723,142,2024-04-08,entregado,515.46
1724,256,2024-06-19,cancelado,1166.41
1725,19,2024-04-13,entregado,452.59
1726,145,2024-09-28,entregado,3797.81
1727,368,2024-09-19,cancelado,2008.9
1728,465,2024-01-24,entregado,684.72
1729,114,2024-07-29,cancelado,366.75
1730,98,2024-02-15,entregado,3301.37
1731,276,2024-09-23,entregado,1302.77
1732,24,2024-09-09,entregado,2945.37
1733,55,2024-06-09,entregado,2447.26
1734,384,2024-09-25,cancelado,3350.79
1735,262,2024-07-24,entregado,278.05
1736,387,2024-12-11,entregado,2115.28
1737,293,2024-08-06,cancelado,1394.61
1738,68,2024-03-29,entregado,2391.53
1739,87,2024-12-10,entregado,3696.23
1740,415,2024-03-07,entregado,4412.4
1741,332,2024-12-10,entregado,806.15
1742,281,2024-09-01,entregado,4812.84
1743,211,2024-08-24,entregado,4122.48
1744,487,2024-03-20,entregado,1943.78
1745,416,2024-09-23,entregado,740.37
1746,489,2024-07-27,entregado,427.57
1747,326,2024-05-16,entregado,2103.11
1748,177,2024-10-21,cancelado,2294.78
1749,334,2024-10-21,entregado,4696.06
1750,470,2024-01-24,cancelado,625.99
1751,244,2024-04-30,entregado,746.01
1752,495,2024-03-01,entregado,3725.93
1753,428,2024-06-26,entregado,587.48
1754,444,2024-11-28,entregado,246.83
1755,364,2024-04-24,entregado,4723.7
1756,24,2024-11-29,cancelado,1373.98
1757,430,2024-11-26,entregado,300.37
1758,430,2024-02-17,cancelado,3329.22
1759,335,2024-02-07,cancelado,1437.87
1760,105,2024-04-30,entregado,1740.15
1761,54,2024-04-01,cancelado,529.31
1762,333,2024-09-09,entregado,2013.52
1763,62,2024-03-09,entregado,3551.97
1764,381,2024-09-22,entregado,4631.86
1765,491,2024-09-24,entregado,2855.33
1766,133,2024-09-02,entregado,4310.78
1767,126,2024-09-02,entregado,365.25
1768,385,2024-01-01,entregado,4594.39
1769,248,2024-07-15,entregado,447.36
1770,59,2024-03-11,cancelado,2126.75
1771,251,2024-05-25,entregado,3112.14
1772,322,2024-04-25,entregado,997.38
1773,292,2024-03-17,entregado,3396.8
1774,136,2024-06-02,entregado,792.22
1775,41,2024-02-18,entregado,962.78
1776,381,2024-12-03,cancelado,1895.22
1777,203,2024-08-29,cancelado,451.72
1778,148,2024-12-28,entregado,2942.55
1779,399,2024-11-10,entregado,3740.56
1780,82,2024-09-21,entregado,3791.09
1781,24,2024-12-11,entregado,2087.77
1782,155,2024-02-27,entregado,3881.65
1783,194,2024-01-05,entregado,1505.5
1784,345,2024-04-21,entregado,2670.8
1785,60,2024-08-08,entregado,3090.76
1786,300,2024-08-10,entregado,4741.87
1787,369,2024-09-27,entregado,756.29
1788,301,2024-06-26,cancelado,4368.17
1789,49,2024-06-06,entregado,4410.15
1790,207,2024-02-01,cancelado,2729.84
1791,307,2024-09-17,entregado,2624.17
1792,19,2024-03-12,cancelado,1838.45
1793,156,2024-09-13,entregado,4737.07
1794,98,2024-12-23,entregado,3773.68
1795,189,2024-11-07,entregado,370.7
1796,313,2024-11-06,entregado,4447.28
1797,386,2024-08-11,entregado,3406.25
1798,330,2024-05-15,entregado,3781.24
1799,374,2024-01-25,entregado,4119.81
1800,145,2024-08-26,entregado,1820.76
1801,11,2024-02-03,entregado,3389.96
1802,424,2024-12-17,entregado,701.02
1803,295,2024-11-03,entregado,1567.8
1804,469,2024-10-23,cancelado,1376.98
1805,420,2024-12-09,entregado,1468.75
1806,114,2024-11-28,entregado,1692.9
1807,402,2024-01-07,entregado,3972.4
1808,69,2024-09-03,entregado,1614.28
1809,164,2024-03-18,entregado,853.07
1810,300,2024-09-13,entregado,2691.54
1811,132,2024-06-04,entregado,4590.08
1812,118,2024-09-27,entregado,169.9
1813,1,2024-08-01,cancelado,1837.54
1814,51,2024-03-08,entregado,4524.18
1815,141,2024-11-04,entregado,2093.17
1816,150,2024-11-23,entregado,2000.86
1817,482,2024-02-16,entregado,1087.47
1818,251,2024-10-16,entregado,431.08
1819,199,2024-05-17,entregado,3891.26
1820,10,2024-02-13,entregado,3165.23
1821,29,2024-11-14,entregado,2570.67
1822,282,2024-07-22,entregado,3246.46
1823,205,2024-10-13,entregado,2097.36
1824,359,2024-05-23,entregado,1136.18
1825,495,2024-11-17,entregado,3612.11
1826,201,2024-02-23,entregado,1165.03
1827,156,2024-10-15,cancelado,4043.69
1828,424,2024-03-25,entregado,2480.57
1829,328,2024-07-01,entregado,4728.24
1830,364,2024-12-09,entregado,954.53
1831,1,2024-07-12,entregado,4945.07
1832,155,2024-07-23,entregado,1487.8
1833,367,2024-12-28,entregado,288.89
1834,116,2024-01-08,entregado,702.64
1835,361,2024-04-20,entregado,4803.31
1836,326,2024-06-20,entregado,1428.25
1837,115,2024-10-21,cancelado,1122.26
1838,5,2024-06-21,entregado,691.25
1839,76,2024-03-10,entregado,4858.37
1840,159,2024-07-05,entregado,1998.14
1841,59,2024-05-09,entregado,1736.92
1842,440,2024-01-18,cancelado,4341.38
1843,2,2024-10-27,entregado,678.2
1844,315,2024-05-12,entregado,2032.71
1845,448,2024-04-15,entregado,678.6
1846,477,2024-06-18,entregado,4759.71
1847,219,2024-11-24,entregado,2888.35
1848,458,2024-04-15,entregado,4944.66
1849,342,2024-10-06,entregado,3916.04
1850,367,2024-11-22,entregado,4236.09
1851,249,2024-10-27,cancelado,1139.91
1852,335,2024-01-17,entregado,1417.88
1853,181,2024-02-27,entregado,4366.27
1854,138,2024-01-03,entregado,1196.6
1855,357,2024-04-30,entregado,1547.87
1856,467,2024-03-28,entregado,3090.73
1857,53,2024-09-16,entregado,1718.8
1858,208,2024-01-25,entregado,1271.91
1859,285,2024-07-10,entregado,1677.74
1860,172,2024-01-18,entregado,4357.4
1861,16,2024-06-16,entregado,723.82
1862,207,2024-01-06,entregado,398.04
1863,351,2024-08-09,entregado,3073.2
1864,305,2024-11-19,cancelado,2865.96
1865,452,2024-01-08,cancelado,245.59
1866,328,2024-12-18,entregado,3458.33
1867,32,2024-06-21,cancelado,3155.82
1868,452,2024-09-15,cancelado,4531.13
1869,326,2024-09-08,cancelado,2758.78
1870,423,2024-08-13,entregado,233.11
1871,27,2024-01-19,entregado,3198.92
1872,88,2024-06-27,entregado,1795.01
1873,173,2024-08-31,entregado,748.23
1874,2,2024-08-28,entregado,4185.61
1875,428,2024-12-24,entregado,619.5
1876,59,2024-11-03,entregado,302.95
1877,7,2024-03-07,entregado,1702.6
1878,188,2024-05-29,cancelado,2024.95
1879,25,2024-12-30,entregado,2570.8
1880,172,2024-04-20,entregado,856.09
1881,72,2024-04-01,entregado,3859.78
1882,338,2024-06-12,cancelado,1023.8
1883,96,2024-09-19,entregado,1494.35
1884,50,2024-04-27,entregado,2061.6
1885,480,2024-08-01,entregado,1542.26
1886,275,2024-09-20,entregado,3666.52
1887,99,2024-04-16,entregado,2919.14
1888,50,2024-11-06,entregado,3077.21
1889,356,2024-06-28,entregado,4486.63
1890,248,2024-02-13,entregado,3311.9
1891,351,2024-06-20,entregado,2068.47
1892,13,2024-12-02,entregado,2130.56
1893,489,2024-09-27,entregado,3391.08
1894,61,2024-11-27,entregado,2610.06
1895,223,2024-06-26,entregado,1160.5
1896,430,2024-05-07,entregado,4369.41
1897,431,2024-12-19,entregado,913.02
1898,296,2024-08-02,entregado,782.57
1899,138,2024-09-18,cancelado,3781.41
1900,276,2024-12-04,entregado,2761.76
1901,489,2024-12-17,entregado,2481.39
1902,324,2024-04-30,entregado,3418.56
1903,24,2024-06-24,entregado,4438.53
1904,390,2024-02-01,entregado,825.85
1905,427,2024-06-28,entregado,1500.77
1906,310,2024-08-22,entregado,868.43
1907,289,2024-05-16,entregado,2103.29
1908,4,2024-07-14,entregado,2495.77
1909,346,2024-05-24,cancelado,2824.95
1910,44,2024-02-12,entregado,3083.36
1911,66,2024-10-27,entregado,4537.5
1912,19,2024-02-18,entregado,1506.49
1913,14,2024-08-03,cancelado,1713.17
1914,381,2024-12-25,entregado,1156.17
1915,100,2024-03-06,entregado,2675.0
1916,446,2024-10-25,entregado,788.35
1917,225,2024-10-06,entregado,753.64
1918,156,2024-03-16,entregado,4045.02
1919,365,2024-11-09,entregado,3441.59
1920,226,2024-09-08,entregado,1592.48
1921,158,2024-07-16,entregado,3754.47
1922,199,2024-08-01,cancelado,652.37
1923,346,2024-11-29,entregado,2579.4
1924,167,2024-05-19,entregado,4484.56
1925,481,2024-03-11,entregado,2211.27
1926,150,2024-10-01,cancelado,3099.42
1927,458,2024-08-02,entregado,2168.63
1928,415,2024-09-15,entregado,4308.32
1929,17,2024-05-26,entregado,828.77
1930,330,2024-03-16,entregado,2637.4
1931,261,2024-06-05,entregado,4497.91
1932,4,2024-05-11,entregado,2335.65
1933,108,2024-05-09,entregado,455.53
1934,53,2024-11-07,entregado,2506.04
1935,5,2024-09-19,entregado,3929.2
1936,225,2024-07-08,entregado,3224.06
1937,59,2024-05-15,entregado,1453.66
1938,214,2024-12-25,entregado,3807.62
1939,421,2024-11-27,entregado,4894.84
1940,479,2024-07-01,entregado,2961.48
1941,144,2024-12-09,entregado,229.11
1942,126,2024-07-11,entregado,2125.63
1943,427,2024-11-11,entregado,4500.79
1944,371,2024-05-15,entregado,2475.22
1945,307,2024-05-11,entregado,2212.67
1946,17,2024-04-10,cancelado,460.94
1947,336,2024-03-06,entregado,2311.02
1948,214,2024-07-15,entregado,1785.55
1949,266,2024-11-15,entregado,2953.21
1950,195,2024-10-25,cancelado,3333.77
1951,257,2024-03-15,entregado,4747.95
1952,91,2024-03-26,entregado,3595.16
1953,411,2024-03-21,entregado,4465.25
1954,257,2024-07-08,entregado,4940.85
1955,4,2024-10-27,entregado,1722.51
1956,375,2024-03-10,entregado,2581.9
1957,6,2024-04-12,cancelado,1027.11
1958,30,2024-02-17,entregado,1192.36
1959,489,2024-12-30,entregado,321.36
1960,112,2024-06-22,entregado,1819.51
1961,490,2024-05-14,entregado,1572.88
1962,460,2024-10-12,cancelado,3548.54
1963,381,2024-08-23,entregado,459.64
1964,28,2024-12-08,cancelado,3330.61
1965,204,2024-11-05,entregado,4750.26
1966,78,2024-12-16,cancelado,1696.61
1967,124,2024-10-12,entregado,3632.18
1968,433,2024-09-22,entregado,572.75
1969,282,2024-10-07,entregado,1082.64
1970,204,2024-02-14,entregado,4118.29
1971,348,2024-05-14,cancelado,1454.53
1972,459,2024-09-03,entregado,1828.72
1973,260,2024-09-22,entregado,4433.75
1974,322,2024-09-06,entregado,810.83
1975,440,2024-01-06,entregado,4289.83
1976,338,2024-11-03,entregado,3432.64
1977,239,2024-10-02,entregado,2174.59
1978,203,2024-04-18,entregado,128.95
1979,477,2024-01-25,entregado,1009.93
1980,427,2024-09-27,entregado,1753.58
1981,248,2024-05-22,entregado,4071.72
1982,54,2024-12-19,entregado,1754.38
1983,35,2024-03-25,entregado,1549.49
1984,150,2024-06-24,entregado,1727.41
1985,218,2024-05-31,entregado,3414.95
1986,212,2024-05-27,entregado,1447.91
1987,331,2024-02-16,entregado,3724.07
1988,271,2024-02-02,entregado,2544.05
1989,249,2024-07-30,cancelado,889.24
1990,298,2024-10-18,entregado,4137.48
1991,377,2024-11-19,cancelado,3605.88
1992,304,2024-06-28,entregado,1663.77
1993,323,2024-06-25,entregado,890.98
1994,297,2024-01-13,entregado,220.81
1995,228,2024-10-04,entregado,1912.85
1996,235,2024-06-07,cancelado,2422.46
1997,252,2024-04-12,entregado,2258.18
1998,40,2024-09-25,entregado,2029.35
1999,398,2024-10-02,entregado,1171.96
2000,335,2024-11-21,entregado,2857.79
